task_id,split_id,model_id,calibration_method,intervention_id,auroc,motif_positive_prob_drop,mono_positive_prob_drop,dinuc_positive_prob_drop,task_label,model_label
human_enhancers_cohn,matched_test,caduceus_ph,none,matched_negative_retraining,0.7106389040460865,1.917009793128699e-05,-0.1055294147503408,-0.0241137252562929,Enhancers (Cohn),Caduceus-Ph
human_enhancers_cohn,matched_test,caduceus_ph,none,standard,0.6933720391822946,-0.0005570428132086,-0.1024097724562637,-0.020609886437731,Enhancers (Cohn),Caduceus-Ph
human_enhancers_cohn,matched_test,caduceus_ph,temperature,standard,0.6962853062102661,-0.000479261272243,-0.1117137943323811,-0.0236942926524749,Enhancers (Cohn),Caduceus-Ph
human_enhancers_cohn,matched_test,dnabert2,none,matched_negative_retraining,0.7887495768056783,0.0002632188068623,-0.1085943762365012,0.0133486720842816,Enhancers (Cohn),DNABERT-2
human_enhancers_cohn,matched_test,dnabert2,none,standard,0.7831267930428194,0.0001387191508442,-0.0408819016889659,0.0280310177057119,Enhancers (Cohn),DNABERT-2
human_enhancers_cohn,matched_test,dnabert2,temperature,standard,0.7831313536155416,0.0001523637543433,-0.0388716886782911,0.0275903282248095,Enhancers (Cohn),DNABERT-2
human_enhancers_cohn,matched_test,gc_only,none,standard,0.6392853233794811,0.0,0.0,0.0,Enhancers (Cohn),GC-only logistic regression
human_enhancers_cohn,matched_test,kmer_logistic_regression,none,standard,0.6843793945812884,0.0090662896389669,-0.1047314240068123,0.0906788775459468,Enhancers (Cohn),6-mer logistic regression
human_enhancers_cohn,matched_test,small_cnn,none,matched_negative_retraining,0.6718215893220361,-0.0010818839073181,-0.0096116065979003,0.0133257508277893,Enhancers (Cohn),CNN
human_enhancers_cohn,matched_test,small_cnn,none,standard,0.6727535557712438,-0.0021788477897644,-0.0064048767089843,0.0148357152938842,Enhancers (Cohn),CNN
human_enhancers_cohn,matched_test,small_cnn_rc_aug,none,matched_negative_retraining,0.6830557554159484,0.0016356110572814,0.0107917785644531,0.0278599858283996,Enhancers (Cohn),RC-aug CNN
human_enhancers_cohn,matched_test,small_cnn_rc_aug,none,standard,0.6960452054698972,-0.0005072355270385,0.0156245827674865,0.013296902179718,Enhancers (Cohn),RC-aug CNN
human_enhancers_cohn,official,caduceus_ph,none,matched_negative_retraining,0.7767910083923043,2.825070960410514e-05,-0.1054717080893559,-0.0242531242281798,Enhancers (Cohn),Caduceus-Ph
human_enhancers_cohn,official,caduceus_ph,none,standard,0.7727349710937637,-0.0006529929125713,-0.1025229935421168,-0.0205491437594516,Enhancers (Cohn),Caduceus-Ph
human_enhancers_cohn,official,caduceus_ph,temperature,standard,0.7740950208622719,-0.0004586041671443,-0.1116576710051441,-0.0238982159895394,Enhancers (Cohn),Caduceus-Ph
human_enhancers_cohn,official,cpg_only,none,standard,0.6356744103495693,0.0,0.0,0.0,Enhancers (Cohn),CpG-only logistic regression
human_enhancers_cohn,official,dnabert2,none,matched_negative_retraining,0.8198345866605418,0.0002737891030055,-0.1104394154676401,0.0139235312104178,Enhancers (Cohn),DNABERT-2
human_enhancers_cohn,official,dnabert2,none,standard,0.832364,-0.000519391118564,-0.0773962200148066,0.010910567835066,Enhancers (Cohn),DNABERT-2
human_enhancers_cohn,official,dnabert2,temperature,standard,0.8332256164636452,0.0001372697558235,-0.0420258569230306,0.0285053752941821,Enhancers (Cohn),DNABERT-2
human_enhancers_cohn,official,gc_only,none,standard,0.7339186999468708,0.0,0.0,0.0,Enhancers (Cohn),GC-only logistic regression
human_enhancers_cohn,official,kmer_logistic_regression,none,standard,0.7198406022334183,0.0093316905693945,-0.0989740670455717,0.091787624018841,Enhancers (Cohn),6-mer logistic regression
human_enhancers_cohn,official,nucleotide_transformer_v2,none,standard,0.518186,-0.0027119463482196,0.0170641230748194,-0.0129722851645666,Enhancers (Cohn),Nucleotide Transformer v2
human_enhancers_cohn,official,repeat_only,none,standard,0.532776006249567,0.0,0.0,0.0,Enhancers (Cohn),Repeat-only logistic regression
human_enhancers_cohn,official,small_cnn,none,gc_balanced,0.7523539999999999,-0.0010576248168945,0.0012133717536926,-0.0016725361347198,Enhancers (Cohn),CNN
human_enhancers_cohn,official,small_cnn,none,matched_negative_retraining,0.7392847400990796,-0.0013788938522338,-0.0125150084495544,0.0204517245292663,Enhancers (Cohn),CNN
human_enhancers_cohn,official,small_cnn,none,standard,0.7500055101321802,-0.0017178654670715,0.0250227451324462,0.0054828524589538,Enhancers (Cohn),CNN
human_enhancers_cohn,official,small_cnn,temperature,standard,0.7609539999999999,-0.0015625357627868,0.0204386115074157,0.0042489171028137,Enhancers (Cohn),CNN
human_enhancers_cohn,official,small_cnn_rc_aug,none,gc_balanced,0.766951,-0.0019232630729675,0.0128912925720214,0.0121446847915649,Enhancers (Cohn),RC-aug CNN
human_enhancers_cohn,official,small_cnn_rc_aug,none,matched_negative_retraining,0.7567951530060132,0.0006788969039916,-0.007818579673767,0.0162040591239929,Enhancers (Cohn),RC-aug CNN
human_enhancers_cohn,official,small_cnn_rc_aug,none,standard,0.7556242706325035,-0.0017876029014587,-0.0198650956153869,0.0038124918937683,Enhancers (Cohn),RC-aug CNN
human_enhancers_cohn,official,small_cnn_rc_aug,temperature,standard,0.7646739999999999,-0.0013246536254882,0.0199081897735595,0.0220335721969604,Enhancers (Cohn),RC-aug CNN
human_enhancers_ensembl,matched_test,caduceus_ph,none,standard,0.651955332291049,-0.0001476842934357,-0.0319772709983091,-0.0098021732581925,Enhancers (Ensembl),Caduceus-Ph
human_enhancers_ensembl,matched_test,dnabert2,none,standard,0.7737994844343186,-0.0001698308302741,0.0915853242569819,0.0344420638140309,Enhancers (Ensembl),DNABERT-2
human_enhancers_ensembl,matched_test,gc_only,none,standard,0.5762459509875886,0.0,0.0,0.0,Enhancers (Ensembl),GC-only logistic regression
human_enhancers_ensembl,matched_test,kmer_logistic_regression,none,standard,0.7593236576453896,0.0052011680078062,0.2089985176153785,0.2530326547895289,Enhancers (Ensembl),6-mer logistic regression
human_enhancers_ensembl,matched_test,small_cnn,none,matched_negative_retraining,0.8491786180245249,-0.0005730986595153,0.2616046071052551,0.1188908815383911,Enhancers (Ensembl),CNN
human_enhancers_ensembl,matched_test,small_cnn,none,standard,0.8639492309933446,-0.0007397532463073,0.3755265176296234,0.1556836366653442,Enhancers (Ensembl),CNN
human_enhancers_ensembl,matched_test,small_cnn_rc_aug,none,matched_negative_retraining,0.8637885393853406,-0.0005990266799926,0.325469434261322,0.1297804117202758,Enhancers (Ensembl),RC-aug CNN
human_enhancers_ensembl,matched_test,small_cnn_rc_aug,none,standard,0.8699805307143664,-0.0005580782890319,0.3657114505767822,0.1686581373214721,Enhancers (Ensembl),RC-aug CNN
human_enhancers_ensembl,official,caduceus_ph,none,standard,0.717767235241454,-0.0001629320231043,-0.0316648146657818,-0.0094850690250444,Enhancers (Ensembl),Caduceus-Ph
human_enhancers_ensembl,official,cpg_only,none,standard,0.5634342462092901,0.0,0.0,0.0,Enhancers (Ensembl),CpG-only logistic regression
human_enhancers_ensembl,official,dnabert2,none,standard,0.775216,-0.003458342495036,0.0428744396754445,0.0094690798395876,Enhancers (Ensembl),DNABERT-2
human_enhancers_ensembl,official,gc_only,none,standard,0.6621940822250412,0.0,0.0,0.0,Enhancers (Ensembl),GC-only logistic regression
human_enhancers_ensembl,official,kmer_logistic_regression,none,standard,0.77841407034149,0.0054883263195769,0.2017212876810611,0.2559971038650067,Enhancers (Ensembl),6-mer logistic regression
human_enhancers_ensembl,official,length_only,none,standard,0.5,0.0,0.0,0.0,Enhancers (Ensembl),Length-only logistic regression
human_enhancers_ensembl,official,repeat_only,none,standard,0.4995653130838233,0.0,0.0,0.0,Enhancers (Ensembl),Repeat-only logistic regression
human_enhancers_ensembl,official,small_cnn,none,gc_balanced,0.8728325859109959,-0.0015870928764343,0.3751029372215271,0.1782149970531463,Enhancers (Ensembl),CNN
human_enhancers_ensembl,official,small_cnn,none,matched_negative_retraining,0.8586396034201023,9.47713851928711e-05,0.2540321350097656,0.1148285865783691,Enhancers (Ensembl),CNN
human_enhancers_ensembl,official,small_cnn,none,standard,0.8813083374924372,-0.0010881423950195,0.3898816108703613,0.1748238801956176,Enhancers (Ensembl),CNN
human_enhancers_ensembl,official,small_cnn_rc_aug,none,gc_balanced,0.8861552478890223,-0.0008595585823059,0.3577423989772796,0.1657282710075378,Enhancers (Ensembl),RC-aug CNN
human_enhancers_ensembl,official,small_cnn_rc_aug,none,matched_negative_retraining,0.8743075621110517,-0.0004105567932128,0.3360629379749298,0.1211573481559753,Enhancers (Ensembl),RC-aug CNN
human_enhancers_ensembl,official,small_cnn_rc_aug,none,standard,0.8873414740211788,-0.0006323456764221,0.365414559841156,0.172886312007904,Enhancers (Ensembl),RC-aug CNN
human_nontata_promoters,matched_test,caduceus_ph,none,matched_negative_retraining,0.8111826504225587,0.0020040898980389,-0.0491699507865045,-0.0002974941419557,Promoters,Caduceus-Ph
human_nontata_promoters,matched_test,caduceus_ph,none,standard,0.7930966698713839,0.0026921852591411,-0.0613841856528585,0.0017935210177151,Promoters,Caduceus-Ph
human_nontata_promoters,matched_test,caduceus_ph,temperature,standard,0.7930860928077463,0.0025343105909684,-0.0682542438414669,0.002395040034952,Promoters,Caduceus-Ph
human_nontata_promoters,matched_test,dnabert2,none,matched_negative_retraining,0.910408878347304,0.0027240861565621,-0.0500031679933302,0.0113646916770383,Promoters,DNABERT-2
human_nontata_promoters,matched_test,dnabert2,none,standard,0.8969018682985945,0.0028753537402622,-0.0386095512852275,0.0214562803830032,Promoters,DNABERT-2
human_nontata_promoters,matched_test,dnabert2,temperature,standard,0.8969017685149753,0.0027224467717418,-0.0499923255786466,0.0188723860251538,Promoters,DNABERT-2
human_nontata_promoters,matched_test,gc_only,none,standard,0.711853645370015,0.0,0.0,0.0,Promoters,GC-only logistic regression
human_nontata_promoters,matched_test,kmer_logistic_regression,none,standard,0.9114448318820636,0.0080909369508855,-0.0075775025331438,0.0578999551199419,Promoters,6-mer logistic regression
human_nontata_promoters,matched_test,small_cnn,none,matched_negative_retraining,0.8536837867085225,0.002221941947937,-0.0613090991973876,0.0336314439773559,Promoters,CNN
human_nontata_promoters,matched_test,small_cnn,none,standard,0.8731631457185094,0.0043909549713134,-0.0590898990631103,0.0417549014091491,Promoters,CNN
human_nontata_promoters,matched_test,small_cnn_rc_aug,none,matched_negative_retraining,0.8930879388047019,0.0029497742652893,-0.0608030557632446,0.024464726448059,Promoters,RC-aug CNN
human_nontata_promoters,matched_test,small_cnn_rc_aug,none,standard,0.8740163954464744,0.0035033226013183,-0.0680538415908813,0.0305289030075073,Promoters,RC-aug CNN
human_nontata_promoters,official,caduceus_ph,none,matched_negative_retraining,0.862033842128518,0.0020321377007908,-0.0489025315025096,-0.0004757171819097,Promoters,Caduceus-Ph
human_nontata_promoters,official,caduceus_ph,none,standard,0.8528062767459534,0.0025255519835335,-0.0604816577373737,0.0015758352155724,Promoters,Caduceus-Ph
human_nontata_promoters,official,caduceus_ph,temperature,standard,0.8525102019596554,0.0025766440361927,-0.0675967982995252,0.0021504159231521,Promoters,Caduceus-Ph
human_nontata_promoters,official,cpg_only,none,standard,0.843540800552831,0.0,0.0,0.0,Promoters,CpG-only logistic regression
human_nontata_promoters,official,dnabert2,none,matched_negative_retraining,0.9076700114621544,0.0029550902538928,-0.0491709943707058,0.0125029636229913,Promoters,DNABERT-2
human_nontata_promoters,official,dnabert2,none,standard,0.9125409999999998,0.0021657353340371,-0.0365259862505489,0.0177622250859168,Promoters,DNABERT-2
human_nontata_promoters,official,dnabert2,temperature,standard,0.9133644374863084,0.002993432564442,-0.0491874475515585,0.0205672666512506,Promoters,DNABERT-2
human_nontata_promoters,official,gc_only,none,standard,0.7959149681512145,0.0,0.0,0.0,Promoters,GC-only logistic regression
human_nontata_promoters,official,kmer_logistic_regression,none,standard,0.915893668944032,0.0082361993033196,-0.0129744038757426,0.0493131205192509,Promoters,6-mer logistic regression
human_nontata_promoters,official,nucleotide_transformer_v2,none,standard,0.649203,0.0016108008595362,0.0153835684139426,0.018043946745654,Promoters,Nucleotide Transformer v2
human_nontata_promoters,official,repeat_only,none,standard,0.6122241000628059,0.0,0.0,0.0,Promoters,Repeat-only logistic regression
human_nontata_promoters,official,small_cnn,none,gc_balanced,0.8737899999999998,0.0073642134666442,0.0282326936721801,0.0576817989349365,Promoters,CNN
human_nontata_promoters,official,small_cnn,none,matched_negative_retraining,0.871173212394143,0.0031840205192565,-0.0373681783676147,0.0524963736534118,Promoters,CNN
human_nontata_promoters,official,small_cnn,none,standard,0.8914828115842595,0.003511905670166,-0.0340018272399902,0.0491634607315063,Promoters,CNN
human_nontata_promoters,official,small_cnn,temperature,standard,0.8750859999999999,0.0036099553108215,0.0001285672187805,0.0437431931495666,Promoters,CNN
human_nontata_promoters,official,small_cnn_rc_aug,none,gc_balanced,0.901146,0.0031901001930236,-0.0520316958427429,0.0385830998420715,Promoters,RC-aug CNN
human_nontata_promoters,official,small_cnn_rc_aug,none,matched_negative_retraining,0.8815732961683902,0.0042288899421691,-0.0618482232093811,0.0451120734214782,Promoters,RC-aug CNN
human_nontata_promoters,official,small_cnn_rc_aug,none,standard,0.9014160366927252,0.0048051476478576,-0.0656256675720214,0.0284047722816467,Promoters,RC-aug CNN
human_nontata_promoters,official,small_cnn_rc_aug,temperature,standard,0.8974350000000001,0.0048252940177917,-0.0329140424728393,0.0416962504386901,Promoters,RC-aug CNN
